{"cameraMode":{"drawMode":0,"name":"Shaded","section":"Shading Mode"},"sceneLighting":true,"audioPlay":false,"sceneViewState":{"m_AlwaysRefresh":false,"showFog":true,"showSkybox":true,"showFlares":true,"showImageEffects":true,"showParticleSystems":true,"showVisualEffectGraphs":true,"m_FxEnabled":true},"in2DMode":false,"pivot":{"x":12.300000190734864,"y":1.6399998664855958,"z":-22.700000762939454},"rotation":{"x":0.2483588010072708,"y":-0.7380957007408142,"z":0.518080472946167,"w":0.35383567214012148},"size":1.2247447967529297,"orthographic":false}